{"train_loss": [4.552803392410278, 4.472908592224121, 4.191502714157105, 2.8072335958480834, 1.4517274820804595, 0.9449086439609528, 0.8395580667257309, 0.7039661109447479, 0.6070510438084602, 0.5315629440546036], "val_loss": [182.38025903701782, 179.89839887619019, 176.48715949058533, 165.30613350868225, 109.96088862419128, 53.856681287288666, 37.7781201004982, 30.023751474916935, 26.742975316941738, 22.8820712082088, 20.72109016031027], "train_accuracy": [0.0879, 0.1118, 0.3689, 0.6055, 0.6809, 0.7901, 0.868, 0.8889, 0.9021, 0.9176, 0.9215], "val_accuracy": []}